region,date,mean,median,lower_90,upper_90,lower_50,upper_50
AT,2020-03-04,1.5411025971551064,1.5082067756788846,1.1353896601250955,1.9009887415825533,1.2789463561527508,1.5899334591548506
AT,2020-03-05,1.537285387412296,1.4990748335984598,1.1412074118609012,1.8916074932557572,1.2664551150034375,1.5583808335520426
AT,2020-03-06,1.5328393605769102,1.489572674400238,1.1397879498090655,1.8847433342777338,1.275014862658389,1.5580171481219258
AT,2020-03-07,1.5143769101550892,1.4745037387400932,1.150055604765627,1.8609415630937658,1.262435068655225,1.5311559606781109
AT,2020-03-08,1.491814933063223,1.456427068037705,1.1719518268194125,1.8570190144985972,1.2499124476343575,1.5123557244709482
AT,2020-03-09,1.4709259399602974,1.432173953072205,1.158161043948695,1.826753459007867,1.2470211711193566,1.4957070515392956
AT,2020-03-10,1.4389080308335904,1.4119665589655561,1.1073504339784037,1.7254581607477228,1.2361042838415264,1.4824072215779582
AT,2020-03-11,1.4061022976646804,1.3761723719071537,1.1130048176273104,1.672916737729253,1.212686083940087,1.4320993034373415
AT,2020-03-12,1.3737350803075066,1.3505512153763888,1.12573250245837,1.6325596845462975,1.2079941636443912,1.4143728353816458
AT,2020-03-13,1.3376960513134384,1.3155048861652028,1.0928402677874138,1.5619219420189798,1.1836787051575446,1.3726160245485775
AT,2020-03-14,1.3032851041446638,1.288729458422873,1.0708418121599685,1.4963091296590592,1.1660850715600157,1.3451702003848678
AT,2020-03-15,1.260461173420885,1.2422088246282752,1.0359197772805722,1.4384078304963288,1.144063130775131,1.3020240739550157
AT,2020-03-16,1.2167925970171598,1.1951208939761746,1.03870665005517,1.4128858084910243,1.0929737644332942,1.2310285587737622
AT,2020-03-17,1.1683362144178175,1.146590842034731,1.0044622846839348,1.3301384084522967,1.0784206201001298,1.2001000219067484
AT,2020-03-18,1.1214354282319237,1.1031595105903382,0.9725835633641639,1.26318836991022,1.030176513200684,1.1360035443842227
AT,2020-03-19,1.0619547939559626,1.0521381764971285,0.92846295206848,1.1948573809485903,0.9916230624319439,1.086380730722996
AT,2020-03-20,1.011853957971748,1.007197150019568,0.8728386239571193,1.1320189811957293,0.9591672727265166,1.049910349244624
AT,2020-03-21,0.9629256816591467,0.9681287789891719,0.8206862244210396,1.1071730101645323,0.9307321864394061,1.027291699446664
AT,2020-03-22,0.8930684007353953,0.9087535261265192,0.7461209820780305,1.0531419796828914,0.8821877025253977,0.9900512521957734
AT,2020-03-23,0.8241333592687419,0.8486723917852367,0.6616915195095892,0.9978127783623685,0.8165264454083805,0.9344266768258203
AT,2020-03-24,0.7766541099476982,0.7994610530394384,0.5925591303716522,0.9757455872927691,0.7590272349499629,0.9040124428339881
AT,2020-03-25,0.7355464366248412,0.7602211217407384,0.5236243519975473,0.9541979005195224,0.7078355669079524,0.8707504683672864
AT,2020-03-26,0.6974551947405725,0.724669451890555,0.4756643343395758,0.9375590385959904,0.6689119151711646,0.8473076789790887
AT,2020-03-27,0.6755417689851382,0.7030621468513203,0.43028018863611206,0.9234381557495721,0.6341247051790542,0.8190695166471256
AT,2020-03-28,0.6704509877302741,0.7000933709834721,0.4192219209588859,0.9210181433465598,0.6451665034001692,0.8317951263713249
AT,2020-03-29,0.66186577415987,0.6880302277436707,0.4169869385765962,0.9089982238245466,0.6088192984474652,0.7997842938536153
AT,2020-03-30,0.64791906586015,0.6722600172663905,0.39415649044425505,0.8984385806002044,0.61284851159642,0.8222661687856085
AT,2020-03-31,0.6411079158519367,0.6738474305126172,0.38921418342965797,0.9249273543250984,0.6308020628670795,0.8467602109892658
AT,2020-04-01,0.6455502388073938,0.6788610323882678,0.3912908621081925,0.9166451763722182,0.6045618408917105,0.8206137142841918
AT,2020-04-02,0.6483400445062115,0.6772391566844866,0.4012249891361134,0.9346373258340568,0.6167755435929855,0.8359016298903532
AT,2020-04-03,0.6503159181358643,0.684362952913191,0.3841977883076655,0.9200651647061229,0.6336426219961491,0.8392898158886264
AT,2020-04-04,0.6513231257050911,0.6813064318887605,0.3962658219741789,0.926473665049354,0.6315869531221885,0.8455256817964416
AT,2020-04-05,0.6541169002605669,0.6853604175892355,0.3744907928300979,0.9083706404820051,0.6037387558916426,0.8129595788158412
AT,2020-04-06,0.6430988934417396,0.6762719791064149,0.3706554697896287,0.9026944998449418,0.6394089668783374,0.8380885194916745
AT,2020-04-07,0.6294323821561045,0.6641201177233078,0.32247044565284355,0.8807634074602272,0.5878615816428645,0.798155386648147
AT,2020-04-08,0.6206743497541172,0.6554784398528274,0.3263015890930385,0.9161787776410533,0.6102280402028455,0.8270799166067124
AT,2020-04-09,0.6260619084907986,0.6603950794972387,0.3414048082870137,0.91128155648266,0.6168765786374293,0.8274945728199616
AT,2020-04-10,0.6348707737807882,0.6683946761628412,0.3614539928174615,0.947488990832266,0.6091561172949289,0.8264005721980023
AT,2020-04-11,0.6547858772656301,0.6834117234974337,0.34964055010325923,0.9278576504637159,0.6287398863592163,0.8461327040892346
AT,2020-04-12,0.6805118286533063,0.7102187175317283,0.40446374766299154,0.9471085837633204,0.6595459376040711,0.8731472925870873
AT,2020-04-13,0.6986581551615569,0.7244390948015491,0.43761977442590594,0.9748130340868596,0.6495381906369986,0.8757536380754131
AT,2020-04-14,0.7155921213869576,0.7406635298815197,0.3848972781826002,0.9584374699160817,0.669701693365578,0.8869253912607544
AT,2020-04-15,0.7330188175052714,0.7624218028321975,0.416198676231767,1.0008281796581746,0.7042395252193145,0.9180768973683474
AT,2020-04-16,0.7465116570345953,0.7730456863262606,0.438786398741946,1.011860501243569,0.7117266788253178,0.9197632678656665
AT,2020-04-17,0.7627569571353446,0.7937666925331884,0.44854676784020675,1.0521571066255213,0.7255738281145183,0.954193058979151
AT,2020-04-18,0.7802585160026507,0.8066327702780608,0.47100744355026736,1.0559057926106115,0.7303577921103758,0.9512493770441948
AT,2020-04-19,0.7960527900141884,0.8222766439924483,0.4783776770756837,1.0836739045153185,0.7363374754559451,0.9465051185538607
AT,2020-04-20,0.8071670496446757,0.83089590975766,0.45895528091126314,1.0801136822930046,0.7516664218810994,0.9595841607017939
AT,2020-04-21,0.8137214257857768,0.8338482975450751,0.47792363232531054,1.099793746154031,0.7489947530291977,0.96479416343735
AT,2020-04-22,0.8146355214409101,0.8363943451742722,0.5156610717595804,1.1662481693284208,0.7417715561874778,0.9759694817213334
AT,2020-04-23,0.8138681935529724,0.8373236478328262,0.43832841887917184,1.1119168074374608,0.7336504143562792,0.9780929060004898
AT,2020-04-24,0.814396813459178,0.843686078720448,0.4250630593425947,1.1379028340953081,0.7688657753928089,1.0181555929225694
AT,2020-04-25,0.8162309330759668,0.8443404757435722,0.490001338394758,1.2584233653964942,0.7817295365304959,1.0475041557383087
AT,2020-04-26,0.8200287275022669,0.8466303066289849,0.4715236848128884,1.2534866281686146,0.7308846096534882,1.0050446605640482
AT,2020-04-27,0.8192631399981971,0.851541801682582,0.3934884620998603,1.1839771958297973,0.7267516635593327,1.0102534430071095
AT,2020-04-28,0.8233964090374423,0.8450183153469663,0.3635209216903468,1.192703180088866,0.711909530788679,1.0089855847413076
AT,2020-04-29,0.8239157162298916,0.8454437343981601,0.36315932104304915,1.2456769788672601,0.7365025734488786,1.0488155958000362
AT,2020-04-30,0.8241702852228614,0.8407623647137062,0.3277306586649099,1.276350666756156,0.7253238027168576,1.0431279601615597
AT,2020-05-01,0.8263560811801741,0.8416063783974017,0.2607694407878799,1.2679302396382348,0.732041471252969,1.0567515413336814
B,2020-03-04,1.2213811743232876,1.1657798917414588,0.7287696274546782,1.7040884974060484,0.9458708736504047,1.2572879795211127
B,2020-03-05,1.2162412689487954,1.170889363538343,0.7630097944798125,1.7399901513733385,0.9800483382389631,1.3027437422146824
B,2020-03-06,1.2071049935935032,1.172461907242042,0.7272155975792493,1.6820617107341738,0.9918432978233309,1.299594272691879
B,2020-03-07,1.201729948839986,1.1654874977611396,0.7525562407880324,1.718649657490396,0.9795838405556915,1.299373318608726
B,2020-03-08,1.191947822679808,1.160418300951437,0.772502341708754,1.7479688024636526,0.9759800544287738,1.2870037718083105
B,2020-03-09,1.181806486780136,1.1513360988837218,0.7550180875531576,1.7049482710901318,0.931926170699007,1.2466100310695982
B,2020-03-10,1.1722539279080595,1.1507133833672523,0.6973974181077456,1.6287843690724018,0.9640770541571551,1.2684900455969643
B,2020-03-11,1.1706634497144321,1.138518568850472,0.7476118783177721,1.6864132748580631,0.9554779632908946,1.2653585339918956
B,2020-03-12,1.1647911439158476,1.1298140943324761,0.7861028293637999,1.6819580844087518,0.9237155586120429,1.225722012070074
B,2020-03-13,1.1515649553807976,1.1188125712886863,0.7197808342928623,1.6181927947838097,0.9190469991504961,1.2101375487629518
B,2020-03-14,1.138404197900122,1.1115571177684225,0.7195647625938861,1.596847246425024,0.9393408518113707,1.2276372338546302
B,2020-03-15,1.1242944375669648,1.0984779892318068,0.7379187155751531,1.6242762449923829,0.9522056384451795,1.239749850351113
B,2020-03-16,1.1150272094208138,1.0932418985855132,0.7344986320863247,1.6206125363179171,0.950788350845889,1.2363785349268064
B,2020-03-17,1.0996296390602258,1.082213542993241,0.7379918473782878,1.5561578898512547,0.8976315902341674,1.1726188624381215
B,2020-03-18,1.0866114237090951,1.0744438739708326,0.7106151566655255,1.564362392880875,0.9375205525908284,1.214086455733421
B,2020-03-19,1.0772006908282206,1.06312618218197,0.6863982067756558,1.5387077239021942,0.9274341511489418,1.1826994677784115
B,2020-03-20,1.068974965646527,1.0613562700229942,0.7025141344384256,1.556687418800636,0.9282310142545681,1.1933376785642973
B,2020-03-21,1.0576608606354543,1.049956793974483,0.6568687003647832,1.5123249519736,0.924137939921509,1.2077860518110821
B,2020-03-22,1.0493497081307182,1.051413573395455,0.6000424938925244,1.4499400538898972,0.9001655861328555,1.1767108089848037
B,2020-03-23,1.0390942457156982,1.0366770061544357,0.5436147747161555,1.4283247187405412,0.9250138172274811,1.1875991510362924
B,2020-03-24,1.031457511094288,1.0211280990803195,0.5455298651217919,1.4383050654369913,0.9153148466965515,1.1803148935975154
B,2020-03-25,1.0191855652696478,1.0141710997410147,0.5935667839471521,1.4829544115233004,0.8971835794501288,1.1563600143810309
B,2020-03-26,1.0060580333236322,1.0114978157276102,0.5415715067474149,1.4423507784178222,0.8791867863162001,1.1506018436435486
B,2020-03-27,0.9984352230070134,1.0063405852589296,0.5289419722295792,1.464515607853294,0.8769668727097878,1.1509531520106027
B,2020-03-28,0.9894741835209167,1.0050788404696664,0.5293094574832002,1.490879136972589,0.8590030741384964,1.1314838497257018
B,2020-03-29,0.9842182245422184,0.995079955394007,0.4283532205334398,1.414587446828062,0.8590656076402179,1.146710575213964
B,2020-03-30,0.9833389800037038,0.9952272190838962,0.47399575082601,1.4534706898319254,0.8643694173203471,1.156229558016953
B,2020-03-31,0.9740617467678618,0.9841164579728363,0.48092169911520743,1.5062168235293663,0.8626352424693989,1.1631844307152956
B,2020-04-01,0.9670785524648701,0.9810023020900893,0.4146845392602997,1.4165958743353524,0.8659381513487275,1.1636150773618474
B,2020-04-02,0.9558326199692573,0.9789090947647192,0.4502802911038245,1.4363646575326716,0.8013775382719006,1.1063436754451876
B,2020-04-03,0.9584489651820686,0.9773830877810648,0.38247487550927506,1.4002234472507251,0.8055265507698515,1.1121119232239478
B,2020-04-04,0.9567276404618149,0.9811996072179656,0.41600944413711927,1.4368668838518008,0.8526560625651036,1.1720491138809344
B,2020-04-05,0.9486198509321675,0.9786156988859951,0.4196925104234964,1.4909987502027309,0.8757509726161851,1.1909189554601285
B,2020-04-06,0.9485413230687173,0.9752942713670549,0.4054025254534247,1.468405868870057,0.8149127090755905,1.135135474708431
B,2020-04-07,0.9430091094549761,0.9709954509247614,0.38086349947983567,1.4694068476198392,0.8406419259263054,1.1638036897791704
B,2020-04-08,0.9432358970747419,0.9744741127959341,0.415354137630897,1.5165512853309746,0.8183914112332136,1.1531902181881148
B,2020-04-09,0.9340501368642627,0.9683939297515329,0.3807040550644758,1.469039752890909,0.83374706012356,1.1651701637439698
B,2020-04-10,0.9253183088734338,0.9624590080310045,0.30178659074649605,1.4211272721578714,0.8036503577678529,1.1456571042321018
B,2020-04-11,0.9225099566136431,0.9605847637246827,0.2848529412624352,1.4297282099219304,0.8133293713296703,1.163778721687372
B,2020-04-12,0.9098664761072481,0.9508583770390822,0.31603452629624595,1.4434216494517136,0.8396105941890005,1.1848892578967924
B,2020-04-13,0.9085493584145897,0.9458676301046629,0.27676683971018834,1.4497414098236556,0.790048734723808,1.146827749072606
B,2020-04-14,0.8991938413783268,0.9455216149419214,0.34564784184928254,1.5130577891095955,0.7977482656599111,1.1587469589559247
B,2020-04-15,0.9000168192686896,0.9443909257261669,0.23192282065590342,1.4556705552165083,0.8043943812611034,1.164592304878285
B,2020-04-16,0.8944303541130061,0.9423982742126422,0.2722551893326839,1.4612907947944478,0.8038768797659777,1.1771980020255741
B,2020-04-17,0.8953146457644852,0.9329293692982478,0.2026434541611588,1.4221201883285757,0.8089827678431797,1.182809197092134
B,2020-04-18,0.8908781523288695,0.931833383502942,0.22286957667171192,1.4900943751394846,0.7880911751544577,1.1616405280352577
B,2020-04-19,0.8898101671754967,0.9331548831824141,0.20656584669142464,1.4613151096896697,0.7780323542089211,1.1520136121817073
B,2020-04-20,0.8866614150238932,0.9348873301888059,0.14780416961892717,1.45203673459754,0.7823299372434144,1.1644636954393022
B,2020-04-21,0.8907136419430248,0.9369855136270733,0.22752020063878453,1.511763476818738,0.8056038017945737,1.1974186586424902
B,2020-04-22,0.8919286754663345,0.9427323541602588,0.1868307093371938,1.5536516616541696,0.7465011301112102,1.1396919405432548
B,2020-04-23,0.8932629270670311,0.9374417751027995,0.10647459726417519,1.4794977019083604,0.7960604202021522,1.1854619679202973
B,2020-04-24,0.8886449683479235,0.9430773714044647,0.25340150232124714,1.6225357934938338,0.7658078388476252,1.1711776573483408
B,2020-04-25,0.8867408308737578,0.9411496804813295,0.14812487183762268,1.5472265688438034,0.7710657014858057,1.1927598701385407
B,2020-04-26,0.8851825530337362,0.9409911648122127,0.08234593809344193,1.528079967035588,0.747265094656542,1.166893285894302
B,2020-04-27,0.8827165683005508,0.9399173903141214,0.051877799052238216,1.5397825511845415,0.7291811594169177,1.153376299402009
B,2020-04-28,0.8770460886985337,0.9363066825496015,0.06552345307759289,1.5559071876807538,0.7472285991232224,1.1749689948423492
B,2020-04-29,0.8730361575648312,0.9401979844442592,0.011985460924683666,1.5631727828610065,0.7730949673074923,1.2059402201039295
B,2020-04-30,0.8745345519898869,0.935347417666101,0.025768094392078722,1.6388838727073094,0.7209751825999968,1.1724349782848749
B,2020-05-01,0.8674564090695366,0.9373384942352094,-0.14756360429978366,1.5085532078200958,0.7644108902831402,1.2156543500935473
K,2020-03-04,1.2677935042569275,1.2315933413287228,0.7446900547925124,1.7163480756238834,0.9981176678233447,1.333105750546503
K,2020-03-05,1.2586300099839873,1.219849435229957,0.8072875477801356,1.754678838789256,0.9642822142898846,1.3045288354648272
K,2020-03-06,1.2453464347068275,1.2020838720929843,0.8394393872748825,1.748061372412939,0.986097625317334,1.3009823428663985
K,2020-03-07,1.2400630339187102,1.1970520198247374,0.783843734822003,1.6917767112695556,0.9839779972891173,1.304422177697214
K,2020-03-08,1.231905978865538,1.1885914584999817,0.8323956380297219,1.6952314083703692,1.020834352501989,1.342753688276835
K,2020-03-09,1.2196508465354126,1.1715078227906233,0.8076820757658851,1.667245284671648,0.9824736977350493,1.2840041373569921
K,2020-03-10,1.2114519801388262,1.1610984226243226,0.799028555257834,1.635529508920508,0.9982160389639307,1.2971029067429756
K,2020-03-11,1.2010491790907292,1.1565458113614042,0.8024956167223066,1.6672368435321938,0.9665020238952235,1.2597467605843506
K,2020-03-12,1.17989003776627,1.1335158542922827,0.7713468256180798,1.602939721108207,0.9714019793510691,1.271618268706929
K,2020-03-13,1.1624500223632075,1.1224607109330316,0.7856311258996083,1.631668621229701,0.952519216987,1.2545069280931715
K,2020-03-14,1.14693010832282,1.117397382904558,0.779347039719315,1.6253276598292516,0.9719525156373444,1.2634471236232792
K,2020-03-15,1.1218091123431266,1.0938365512155415,0.7671343009737295,1.5688589795993373,0.9159064703658708,1.1913099907322307
K,2020-03-16,1.1086430914513874,1.0836719440901978,0.722214202494379,1.531763608217941,0.8762789623948734,1.155628190608419
K,2020-03-17,1.0970154817885696,1.076803177669337,0.6773272536689958,1.5269582922348546,0.8945011738974641,1.1781939310050953
K,2020-03-18,1.0775356772831046,1.0639611933036202,0.6591745603658006,1.485579062314316,0.9062032912746326,1.1730960005311364
K,2020-03-19,1.0589930745425236,1.0498898751439398,0.7048530154216648,1.4979429111735079,0.8911288749318166,1.1505585809251209
K,2020-03-20,1.0402797500357925,1.0348965095042995,0.6646295757741795,1.4006449592216779,0.8775610576136055,1.1404367543134575
K,2020-03-21,1.0171158148390058,1.0150664022580869,0.674577203292277,1.443237365626869,0.8678547308802314,1.120014030768992
K,2020-03-22,1.0018251679898718,1.0086907583452707,0.6142005424507969,1.3806510656408468,0.8886694034433997,1.1513369812313385
K,2020-03-23,0.9899335423224696,1.000873314618236,0.5845907027780277,1.375482129998796,0.9009149246778712,1.1625404261024257
K,2020-03-24,0.9743153282197515,0.9896343079658245,0.48945178380305066,1.333084306214204,0.8642249084498124,1.1388022244528906
K,2020-03-25,0.9593362551731189,0.9791704515831157,0.5110139705477024,1.3671536395321062,0.8517926088424014,1.1362228829373486
K,2020-03-26,0.9511299503331594,0.9731909430041776,0.5212183059721562,1.3773541707313814,0.8266951879122477,1.1120859408640078
K,2020-03-27,0.9341923540397983,0.9557278507186246,0.44982812550542794,1.3558208866688135,0.8243956414923286,1.1153603301576716
K,2020-03-28,0.9230362789238687,0.9478930367617737,0.4853169281916324,1.3779593874931648,0.8327572990313391,1.124576294911149
K,2020-03-29,0.9141776775396426,0.9386866537838001,0.4629004016743047,1.4093528947591212,0.8049492882697471,1.1102946177934638
K,2020-03-30,0.9081887491646783,0.9412401637789958,0.3945984432102757,1.3641718239626903,0.7975696252598818,1.10751199922362
K,2020-03-31,0.9040971006299069,0.9263502987937634,0.4884618536341888,1.4752032514246984,0.7748567332526749,1.0876838815222531
K,2020-04-01,0.8983196113230613,0.9264907423943203,0.43168823608364104,1.4509657315602653,0.7972253258297172,1.122003981834336
K,2020-04-02,0.8947266469797445,0.9309421059544544,0.40114083363837716,1.4148082695102508,0.7994192628417178,1.117895427429986
K,2020-04-03,0.8885919521959316,0.9225630972367689,0.4008471560097242,1.4347170795889137,0.7768293252552777,1.1126550169369438
K,2020-04-04,0.8884250168216599,0.9259346208926913,0.36750251228750586,1.414816775475305,0.8201319419102939,1.1553882907189785
K,2020-04-05,0.8824074120300327,0.9259932362849119,0.3509025208800377,1.4119405869034507,0.826046811731477,1.1734703801299464
K,2020-04-06,0.8718863679527294,0.9188310858959534,0.33192686883556344,1.4209197012512516,0.7890974422401691,1.1424455020677544
K,2020-04-07,0.8648147840269925,0.9226109784938987,0.28797963063832954,1.4439151928539817,0.778877531142137,1.140293135459472
K,2020-04-08,0.8631606319895777,0.9178361917014013,0.3027039940745916,1.4933198717196743,0.7757804309912623,1.145753062961846
K,2020-04-09,0.865571506740255,0.9203192242579725,0.25688124701677995,1.453352021567295,0.7618157494857858,1.139832586218072
K,2020-04-10,0.8674278430994548,0.9229580792092531,0.2625540785635673,1.4621843568279365,0.7569740458216008,1.1389119803086052
K,2020-04-11,0.8655554039637255,0.912841014155732,0.29839352619669157,1.4660212982325278,0.751594778885099,1.1311630562545643
K,2020-04-12,0.8687577353593562,0.9170111422715074,0.2722968302545439,1.4644095047425605,0.7342455997621602,1.1237778808311563
K,2020-04-13,0.8706496814303761,0.9172650748142755,0.27836454596340243,1.5451058949245846,0.7342731379330172,1.1296112446636046
K,2020-04-14,0.8717805830689767,0.9199704616477676,0.196681621518089,1.4648436555608708,0.7187234510119556,1.1177190000313204
K,2020-04-15,0.8720791507383756,0.9275242574264925,0.09877848177056181,1.4067715966514476,0.7284170158975218,1.1373455383373947
K,2020-04-16,0.8780478308905677,0.9334353546147162,0.2395103093566021,1.5460585816659909,0.777260598457268,1.1855869333702211
K,2020-04-17,0.8762813054740268,0.9339784904586212,0.12416740865542508,1.4740674383697296,0.7392699550749183,1.1543892954284698
K,2020-04-18,0.881903362110962,0.9303585378294503,0.15089246009785673,1.5547316112873477,0.7296954461143171,1.160966424397441
K,2020-04-19,0.8791279137065412,0.9179979385295969,0.09478097330516966,1.5484840672569242,0.7481794103820218,1.205303813708831
K,2020-04-20,0.880012342288005,0.9229765676524473,0.1629568314026758,1.6433628259733126,0.7314681276113966,1.1906503226298208
K,2020-04-21,0.8849043757271381,0.9256781270463637,0.14045284910227018,1.6750435592029733,0.721838766049313,1.1692433623860017
K,2020-04-22,0.8877571067350829,0.9356068941792672,0.08443492439779066,1.693073789818981,0.7389495151937517,1.214469036151213
K,2020-04-23,0.8919378624050418,0.9411764840663144,0.012346969190009327,1.6229559692836315,0.7551259973727407,1.2256287541800424
K,2020-04-24,0.894290748684968,0.9413374310432272,0.04341446709329089,1.645959756814754,0.8031023761409632,1.286908625080547
K,2020-04-25,0.8932526996948618,0.9417389690329165,-0.07040845161380771,1.647642001382169,0.7587445928151635,1.2520921284594697
K,2020-04-26,0.8907995555158439,0.939160079876803,-0.016914745394183806,1.6922032655829153,0.7090078158027895,1.2197568855441931
K,2020-04-27,0.8949140008407216,0.9427377573298558,0.018655649142389596,1.73796252248555,0.809443550971321,1.3229421602462677
K,2020-04-28,0.8939103685779153,0.9361403660123756,-0.10892651022924849,1.648644754769611,0.7600352557655472,1.281031168064312
K,2020-04-29,0.8990359796064206,0.9394654219746786,-0.05210938467141024,1.7355621686398401,0.7209661152512976,1.2455516704522929
K,2020-04-30,0.8976375000855328,0.9462184525394115,-0.026825641662381328,1.7889889924380376,0.6889566085407661,1.2116830572291766
K,2020-05-01,0.8965069896011258,0.9454855653835181,0.02784861811295647,1.8407160944862029,0.6783947339492116,1.2125655489716074
Noe,2020-03-04,1.3730571681250832,1.3183484255185585,0.9946657909918742,1.7896796575268008,1.092721016710965,1.3716700768916765
Noe,2020-03-05,1.3792379175052596,1.3307466478751397,1.024565124351637,1.80479025275917,1.1392211302503639,1.419216178692928
Noe,2020-03-06,1.3775677636011034,1.3340844972993318,0.9847858427957518,1.7478043349940497,1.133707711051124,1.4071449443192656
Noe,2020-03-07,1.374306874977183,1.3308304178088837,1.0096392276905926,1.7639491840327715,1.1241436385137566,1.4084389110906952
Noe,2020-03-08,1.3613090133545116,1.31976721410708,0.9971018554510067,1.7203661248279503,1.1314372775271127,1.4080755192623697
Noe,2020-03-09,1.3495696533648527,1.3081199183514984,1.0295181440322314,1.73204404629914,1.1021211481126492,1.363197340455987
Noe,2020-03-10,1.3372705999311059,1.297825519092584,1.0143208134112403,1.7098337298291595,1.0917873033052652,1.3528341147439267
Noe,2020-03-11,1.3202238835162217,1.2822889241173034,0.9542189377407339,1.632247535480503,1.1162116310722257,1.3628879294527905
Noe,2020-03-12,1.3021931952423724,1.2697434205176938,1.012859275629321,1.6340705351602294,1.1110497285372773,1.3452429705172415
Noe,2020-03-13,1.2823373015268495,1.2466439023659284,0.9546943798107456,1.5641586955241418,1.0649119166356242,1.285097826000524
Noe,2020-03-14,1.2544400579487784,1.223063117341857,0.9919530069928668,1.5704505159723618,1.0990078916457258,1.3120012094731845
Noe,2020-03-15,1.2257559737615114,1.1967720887933169,0.9386348570409917,1.498905894668777,1.057081791568099,1.256015726669708
Noe,2020-03-16,1.2007547202110866,1.1715301218640222,0.9433757894856145,1.4754947746665141,1.044215053023602,1.2349704844480711
Noe,2020-03-17,1.1691761733305195,1.147974679084471,0.9526386787734918,1.4377835792554996,1.0309967821049562,1.2033000183227867
Noe,2020-03-18,1.133470933846946,1.1181541850070829,0.9120067625990158,1.3804470788071508,0.9878946602520331,1.1705014146369588
Noe,2020-03-19,1.0977916367959544,1.0831285911134882,0.8846370818614295,1.3255144017213774,0.9968140816766449,1.1570135001658945
Noe,2020-03-20,1.0614172441303416,1.051030653775516,0.8542530949338145,1.2925645266836523,0.9619854167359488,1.117005954816237
Noe,2020-03-21,1.021702673499118,1.0194857187958546,0.8158911141256405,1.2540106180101196,0.9318927742067475,1.0793987133331986
Noe,2020-03-22,0.9754575226410593,0.9796087910895772,0.7545179982050676,1.1875313827128113,0.9294974392145523,1.0733113830640333
Noe,2020-03-23,0.9348841499139663,0.9443165995274149,0.7007061353736357,1.129449784293838,0.8848216482361579,1.0317192874575971
Noe,2020-03-24,0.8911680657935988,0.9090341042608063,0.6448242010529909,1.0867529917377032,0.8414974729790619,0.9956628581353915
Noe,2020-03-25,0.852232890743495,0.8761459491870174,0.6112639598972667,1.0945793746947676,0.8151165365646296,0.9871626740385793
Noe,2020-03-26,0.8164621230103124,0.8435085982151445,0.5299397670149649,1.0429233426955964,0.7849619104646927,0.9744301731882171
Noe,2020-03-27,0.7890265692383766,0.813912356298456,0.5077809314329256,1.042950020955247,0.7401375086617239,0.9376559073102565
Noe,2020-03-28,0.7793973991428126,0.7999857118290077,0.5224588616683177,1.0576787951953328,0.7493892942801859,0.944070605143468
Noe,2020-03-29,0.7664639261830486,0.7972119986554884,0.48870121703431746,1.0305667019764109,0.763143564984127,0.9663856797775837
Noe,2020-03-30,0.7616743695921824,0.7922075714126104,0.48924694723074713,1.0327724451141773,0.7383853236297591,0.9383317388586784
Noe,2020-03-31,0.7583849477752556,0.7971316602841145,0.48846178805986473,1.026320476672507,0.7422914302139865,0.930516400425935
Noe,2020-04-01,0.7564778994720541,0.7848235211816671,0.47278289837888077,1.0466907351361305,0.7321321586837637,0.9515013025094035
Noe,2020-04-02,0.741219309686296,0.7837645301317531,0.4202218804224527,1.0218840577962605,0.7095847742918855,0.9230190030949598
Noe,2020-04-03,0.7341680404519901,0.7781260909932922,0.39349110157800415,1.0090525604140395,0.7069647856491614,0.9228190100689238
Noe,2020-04-04,0.7234811945303918,0.7713505737150623,0.35797889283144324,1.0392191332648524,0.7354747714518,0.9593176305775378
Noe,2020-04-05,0.7191078847178464,0.760245422635134,0.39578508043540306,1.0480908658391632,0.7151999092430594,0.9522104502057072
Noe,2020-04-06,0.7088508986906541,0.7512491021562969,0.36853984077903523,1.0332624570986129,0.6809160906979144,0.919361905869761
Noe,2020-04-07,0.6965068699327164,0.7419174859000985,0.3184991586329674,0.990063082404651,0.6548796949943101,0.8969636509005932
Noe,2020-04-08,0.6936700188392618,0.7351539951386434,0.365811775284129,1.0435090992261271,0.6850618808490754,0.9350910598247831
Noe,2020-04-09,0.6932820576327943,0.7393288745331107,0.2981828217409589,1.0077224013592343,0.6492456765470531,0.9134473183632166
Noe,2020-04-10,0.6928371687668906,0.7337317660654408,0.33871922855082626,1.0577607978029024,0.6662324939437246,0.9343091891431166
Noe,2020-04-11,0.6954422026141449,0.7328317486173671,0.3091068108330314,1.0538121207604525,0.6600262606220577,0.9319697092303769
Noe,2020-04-12,0.6963167333241886,0.7376025365915815,0.3105245246326893,1.077817601471391,0.6607858908690992,0.932562601254108
Noe,2020-04-13,0.7019497589405688,0.7516041768500892,0.33657924512762705,1.1174610061942827,0.6633371321841516,0.9383157499538338
Noe,2020-04-14,0.7087711437381342,0.7413061486449803,0.34557914414424995,1.150340450424104,0.6764382013132779,0.9650218178740327
Noe,2020-04-15,0.7204898981369818,0.7637905500889214,0.24834963029848067,1.0927023559950757,0.6781820866964258,0.964579337250102
Noe,2020-04-16,0.7318802346809122,0.7723051548764516,0.29307190444427833,1.1184961390649102,0.6640347028583193,0.9495415968990368
Noe,2020-04-17,0.7353683635245262,0.7774327585010677,0.34292773014474975,1.1870044009931573,0.6624084866892777,0.9513414237728778
Noe,2020-04-18,0.7420956327965932,0.7868798124462713,0.26190408398956166,1.1973890044914046,0.6601106734989757,0.975402390345762
Noe,2020-04-19,0.7443020718607789,0.7865249438766764,0.23653506600705854,1.2172240293779892,0.6742348626977464,0.9900645337797506
Noe,2020-04-20,0.746493182250649,0.7967306529259105,0.26061484842974425,1.255281635134283,0.6965880774418596,1.0223986955814852
Noe,2020-04-21,0.7481344138822853,0.8018040479216496,0.2451286068132038,1.2825622599621513,0.6546942740843913,0.9977861736422109
Noe,2020-04-22,0.7500446711586797,0.8003401340338421,0.22490581681433763,1.294238093306774,0.6561541563162062,1.0310179374410384
Noe,2020-04-23,0.7536756112642465,0.806129434047875,0.179521539455464,1.2724362361180348,0.6391536075757811,1.0055866399317865
Noe,2020-04-24,0.757247386314429,0.8092656301629102,0.12429254275634338,1.2592403765890137,0.616772583949077,0.9901903817335493
Noe,2020-04-25,0.7578125223647841,0.7980953145658087,0.16088328954177655,1.2973076789329276,0.6302564997060334,0.9994971320867451
Noe,2020-04-26,0.7544341732514975,0.8009240907283288,0.15986145927232775,1.3006365356934635,0.688747523226934,1.058627049435359
Noe,2020-04-27,0.7564197916140983,0.8014199071758747,0.18812950432652242,1.3555715103484538,0.6550550138194606,1.0329002842734756
Noe,2020-04-28,0.758669244435641,0.8076164045244614,0.11709376174758312,1.3591264794233615,0.6700464282002349,1.0536978057353437
Noe,2020-04-29,0.7542091813549574,0.8016788179298704,0.10872513652987958,1.3569449192347338,0.6129769513586865,1.0253864952544298
Noe,2020-04-30,0.7535341492413244,0.8014492232198429,0.10949797033748543,1.3818887660332628,0.6386297247800479,1.0551900403278283
Noe,2020-05-01,0.74829291943555,0.7969281002893271,0.04606014959007776,1.3654140352011326,0.6249462964804673,1.0617852782308308
Ooe,2020-03-04,1.3922698633701613,1.3484371787238874,1.0003938517938462,1.815178853477816,1.1290373170713939,1.4463950362861608
Ooe,2020-03-05,1.3860085660215218,1.3390645820939633,1.021106580401149,1.7834155956037772,1.1186234316605834,1.4127012006441988
Ooe,2020-03-06,1.385781341837476,1.333442150843735,1.046909628112207,1.81814808753305,1.1059497921573709,1.3933912471121097
Ooe,2020-03-07,1.381373738709645,1.3240823483358077,1.0279849787272237,1.7881196990782477,1.1441138154693062,1.4302390902639384
Ooe,2020-03-08,1.3586983301665647,1.3054460547392348,1.0190639392358807,1.7289398503417546,1.1007580810669806,1.3602356432848193
Ooe,2020-03-09,1.3362067948345733,1.2924188921659323,1.0252561887139295,1.6771060030805232,1.1149111175598687,1.3689163954064585
Ooe,2020-03-10,1.3172836173720364,1.284748201842844,0.9750282750986101,1.6392614986140233,1.1050253508514192,1.3642079258068895
Ooe,2020-03-11,1.2913171127163994,1.2491043375933661,1.0038561567813509,1.64238314696804,1.0712298162518588,1.3028870447668992
Ooe,2020-03-12,1.265677305108532,1.226600977660158,1.0083895221302612,1.624154865010801,1.0707275242014371,1.2907576311567195
Ooe,2020-03-13,1.2348697346516675,1.1978838193925714,0.9391216904601103,1.5327986836485523,1.0479467065341088,1.264569249624443
Ooe,2020-03-14,1.1986311484264016,1.1730290336076625,0.9235800594823432,1.4606541195587714,1.0181219715927543,1.215327365806664
Ooe,2020-03-15,1.1654040627775937,1.140450345335227,0.9002959636064592,1.4355333064700764,1.0150489313174904,1.207005893645823
Ooe,2020-03-16,1.129915707509682,1.1147449549825148,0.8422120110553509,1.367294712234633,1.023184084581256,1.2112757915868226
Ooe,2020-03-17,1.0972400920846335,1.0825973601269956,0.8599706720447549,1.3593235547672244,0.9938377055944044,1.1780977153693508
Ooe,2020-03-18,1.0533447276628831,1.0464013963862522,0.7947113177047291,1.3068504611850784,0.9523835575317614,1.1170561968885628
Ooe,2020-03-19,1.0111891223885714,1.014529234234264,0.7295968502721173,1.2472827945769072,0.9013357956447067,1.0766366001822687
Ooe,2020-03-20,0.9646782301600957,0.9763104896310236,0.7277179150700672,1.2336505975591363,0.8968077097247266,1.0717372504820806
Ooe,2020-03-21,0.9186689526568617,0.934017782190129,0.6413215367605538,1.1619019561440282,0.8374224228191052,1.0116143547663723
Ooe,2020-03-22,0.8765167951065663,0.898180168602129,0.5979672859818403,1.117955198060337,0.8294923200571601,1.0100039660759947
Ooe,2020-03-23,0.8358961018022864,0.8625874204049306,0.518432030559066,1.1042935815245338,0.798636583311071,0.9866761068410717
Ooe,2020-03-24,0.791275182394237,0.8185803482967435,0.48824554031380574,1.111612562449499,0.7601872861940653,0.9667371555668597
Ooe,2020-03-25,0.7484831264351339,0.7789740866809054,0.4187018801305237,1.064573645194327,0.6709003201861409,0.9043358171408253
Ooe,2020-03-26,0.7101227495080177,0.7448582333945661,0.35290799843477516,1.0315759988575794,0.6549307632877512,0.8956205443163734
Ooe,2020-03-27,0.6801137475514729,0.7238696557294694,0.3265177924849332,1.0287921570726537,0.6511196017447867,0.9111816641576653
Ooe,2020-03-28,0.6532291652457977,0.7039530184836731,0.24822681260135404,0.9692418963869243,0.6520961560120035,0.9217176593902955
Ooe,2020-03-29,0.6317605305562294,0.6771890246874555,0.25560703190614165,0.984638749062973,0.583751885915461,0.8609938762340772
Ooe,2020-03-30,0.617301581460596,0.6629752832286107,0.2619677120639978,1.006609682329602,0.5648903270511711,0.8425547462083264
Ooe,2020-03-31,0.6045035337450908,0.6497427857776947,0.21007812289647265,1.004099926470763,0.5547478817782123,0.8470261339602683
Ooe,2020-04-01,0.5878522036053432,0.6394856902052262,0.13853002847459228,0.9743051627878068,0.5684957359609051,0.8724690515008673
Ooe,2020-04-02,0.5800492246591946,0.6346004123929792,0.16060768435225603,1.00091157152842,0.5573903585022434,0.8701856511411721
Ooe,2020-04-03,0.5747598171501622,0.6331045970922449,0.14377322497013512,0.9932986230215914,0.5430417275141037,0.8609499391496105
Ooe,2020-04-04,0.5665045628594035,0.6166252404965699,0.15152667971097422,1.0061713363878197,0.5123757589121807,0.8608621845521698
Ooe,2020-04-05,0.5635073488180864,0.619492215720371,0.11927880037944605,1.024687472912941,0.4872688932064857,0.8397155423455328
Ooe,2020-04-06,0.5650925390974095,0.6055810204217846,0.06967652156156323,0.9701308531226174,0.5511688458598003,0.922916910526331
Ooe,2020-04-07,0.5672344860232915,0.6099296071229966,0.12653082866651577,1.0271842571337946,0.5102686764284368,0.8689319867620224
Ooe,2020-04-08,0.5595269462367295,0.6094256409688497,0.08676179654577665,1.041078959168831,0.4856529272868739,0.8456534613756477
Ooe,2020-04-09,0.5606588233051508,0.6214627245399611,0.06389187508583694,1.0294047247427736,0.47179857702681227,0.8401237719095003
Ooe,2020-04-10,0.563824264086344,0.6304911260752923,0.08360104714182315,1.1019950424511227,0.5502863499452306,0.9302858710830926
Ooe,2020-04-11,0.5686822441314355,0.631267650968544,0.07882690477834209,1.1116627491354651,0.4639642436768827,0.8583601326273201
Ooe,2020-04-12,0.5681737802095818,0.6309180287806847,0.07353799374872627,1.1318734294675268,0.42498484139613135,0.8279815488758678
Ooe,2020-04-13,0.5727325672482436,0.6393689883560751,0.02489759753149301,1.0856038411085787,0.553152591714928,0.9655593637398597
Ooe,2020-04-14,0.5737605360980649,0.6293537786476175,0.06169365044405217,1.1332540776557467,0.48203525259914337,0.8660784617819631
Ooe,2020-04-15,0.5733284428048567,0.6423612969568981,-0.010102894432042708,1.1062154534500086,0.5388598844555674,0.9287260258370866
Ooe,2020-04-16,0.5759086205733484,0.6349551676784007,0.007162802767222587,1.1169532231663384,0.5286682275388125,0.928056025154951
Ooe,2020-04-17,0.5707664735718324,0.6278423432502843,0.00632564978704675,1.142018886727822,0.4536841118307906,0.847852011986449
Ooe,2020-04-18,0.5702645478505145,0.6387751746046133,-0.0377606525898988,1.1895131293862582,0.4885917934746462,0.9093279283728164
Ooe,2020-04-19,0.567044655270358,0.6333168681188918,-0.06651513716938418,1.1749773137239314,0.48117649458158596,0.9168710696026884
Ooe,2020-04-20,0.566985860880816,0.6195981347829658,-0.09288690240648867,1.1777895458058165,0.5060805949663105,0.9492156336154052
Ooe,2020-04-21,0.5669873726163208,0.6271394581133422,-0.14766648713226838,1.1403788822088599,0.41289220684333483,0.8893750887806633
Ooe,2020-04-22,0.5668930900792948,0.6306795005416892,-0.11400742504628325,1.2046895440515497,0.48910734255434263,0.9718461418237999
Ooe,2020-04-23,0.5646154505775559,0.615476774858627,-0.13500664710799648,1.198547291412367,0.44438341793845215,0.9405784932932068
Ooe,2020-04-24,0.5620027297745305,0.611712021700452,-0.09502203844296564,1.2369820977489725,0.35587742364967634,0.8576309906931017
Ooe,2020-04-25,0.555138143395469,0.6066818995206534,-0.18182060376302367,1.2808844845823102,0.45658269567301,0.9850608675571089
Ooe,2020-04-26,0.5560316553955563,0.6124829525259841,-0.2486267559231925,1.2575295795315244,0.4417491882357377,0.979748288166159
Ooe,2020-04-27,0.5580845492485635,0.6103289654326021,-0.2042484644310265,1.3364369205216158,0.3768103057091763,0.9299931003243056
Ooe,2020-04-28,0.5513462844327436,0.6100979911241193,-0.2449627402673158,1.3641866867062151,0.3738945910910534,0.9692171661342851
Ooe,2020-04-29,0.5542126486987404,0.615400956815463,-0.28386683401498636,1.3063708729681467,0.3572165948114435,0.9259602744366535
Ooe,2020-04-30,0.5558647269635334,0.6182333670260677,-0.25006663484018854,1.3863377268625043,0.45465810537104734,1.0488191556294075
Ooe,2020-05-01,0.5576181031089497,0.6242641447066262,-0.3119953125429238,1.3868502512632312,0.35572720884290965,0.9536226598634091
S,2020-03-04,1.3956685487187543,1.3333964327763344,0.9045225003456971,1.9522475555067536,1.058771298330498,1.4225078860349964
S,2020-03-05,1.4030551853286721,1.3385790709834746,0.9223544662771896,1.9482725245113883,1.0547925955760111,1.4143948526738297
S,2020-03-06,1.4050331008277896,1.3370724897018382,0.9454393188017031,1.9699820536693715,1.053969602471308,1.3972299998124926
S,2020-03-07,1.403386716933891,1.3446878955783117,0.8928454469483302,1.8807682109846113,1.1270391715620933,1.4683987715563276
S,2020-03-08,1.3961796472047237,1.330387603017749,0.942836636333215,1.9331270338628008,1.106856549348787,1.4426894878369807
S,2020-03-09,1.3799924342266499,1.3202470940900453,0.93882180068406,1.8735994816073245,1.0807688063042993,1.4137220425245525
S,2020-03-10,1.3565790667393312,1.2965903813670296,0.9184072906020693,1.8133154974097043,1.0834651703653657,1.3910269907179762
S,2020-03-11,1.3290337623885404,1.2820464388897657,0.9254976777236152,1.7460122788845056,1.0789413782820996,1.3791251794444097
S,2020-03-12,1.3063788979746414,1.2561302345824168,0.9411146602337185,1.719131102562768,1.0363740098535532,1.3350401234982434
S,2020-03-13,1.2833563467765376,1.2283636993312181,0.8824741739000096,1.655755933430929,1.0407958638152426,1.3212688665398793
S,2020-03-14,1.2444504464581083,1.212147340732908,0.8998539236027345,1.6179404689583556,1.0517889731963812,1.3208793291072458
S,2020-03-15,1.204800225451296,1.1703374690184192,0.919479033452046,1.615892254813039,1.0298720282079985,1.2755198946602808
S,2020-03-16,1.1639652104706097,1.1338532886911143,0.8722405152381667,1.5159177867599767,0.9977066972605088,1.214708805866447
S,2020-03-17,1.1220686677757628,1.0942920464383632,0.8180199236600625,1.4275628918883334,0.9892251341646576,1.195612722987127
S,2020-03-18,1.078991514103959,1.0571344452667972,0.762851257801314,1.394723561882093,0.9512391824582017,1.1488105385151413
S,2020-03-19,1.0273116709023007,1.015242413984618,0.7335276602770169,1.3178424347895001,0.8883036026594431,1.0832824462820512
S,2020-03-20,0.9721591428506335,0.9709770164238236,0.7022126744017356,1.3054559679135251,0.8817055992457778,1.080667156744109
S,2020-03-21,0.9167057410583698,0.9261925503849057,0.6533372516867995,1.2183902321700795,0.8320574124282842,1.030017118639966
S,2020-03-22,0.862717328715437,0.8908565842459928,0.5611925353093873,1.1902710761479922,0.8044318430055967,1.0236283417843788
S,2020-03-23,0.8123384389243725,0.8404756824995214,0.4900631000224014,1.2041747822291833,0.7593012379791609,0.9949664004666131
S,2020-03-24,0.7694463739693066,0.8068811660179516,0.3703570278942748,1.1651768324283174,0.7075163495515572,0.9844972570762504
S,2020-03-25,0.7308282651171042,0.7746119356711503,0.31380260918204606,1.1089783749262003,0.6679250474518741,0.956861540937298
S,2020-03-26,0.6993388622325782,0.7466075401847624,0.2607120840676229,1.1041833429446704,0.6399563415924421,0.9394393293297076
S,2020-03-27,0.6724528946691571,0.7268251575294489,0.24085170341258622,1.097747167780765,0.6407688023177788,0.9425420849770817
S,2020-03-28,0.6504660583541408,0.6991349040446874,0.22619188753112496,1.0896599085772771,0.6052276632402046,0.9223579046977652
S,2020-03-29,0.6315542526296877,0.6856670191910713,0.18444404438387496,1.0990953970310517,0.5486803702711072,0.8919614121541966
S,2020-03-30,0.6167411939322244,0.6870021217518639,0.10305331852322386,1.0740496736648593,0.6099477764290262,0.96155528472887
S,2020-03-31,0.6078002798755373,0.6752413435603213,0.09413523573663174,1.076550283147615,0.5987455677680895,0.9528546309782198
S,2020-04-01,0.5993994524534074,0.6485326783992448,0.07659342564056815,1.047944076765389,0.5566670423895158,0.9147972749934175
S,2020-04-02,0.5876313891711069,0.6562664912751093,0.11496482514641937,1.139938479137345,0.5859134643784425,0.9501505123120447
S,2020-04-03,0.5807379902783673,0.6470825661261297,0.01680444644215151,1.0652171441554035,0.5252677865615645,0.8893946845264493
S,2020-04-04,0.5675228488817124,0.6382797661124805,0.008024433668084918,1.0852513534852526,0.5128165439466481,0.9124718895260443
S,2020-04-05,0.5667368642111559,0.6284661649038715,-0.06090389051427314,1.0463118345002282,0.5230323025239438,0.9205545489707687
S,2020-04-06,0.5660253734984527,0.632552192503757,-0.07148057599207891,1.0578012136744503,0.5127474411463391,0.9292698885104489
S,2020-04-07,0.5597385058322041,0.62920244621378,-0.019560970872460226,1.124719936360972,0.5446182702885043,0.9637073282554615
S,2020-04-08,0.5493031453210441,0.6355326633698493,-0.18790604291709423,1.0911321330680062,0.4730234280136095,0.9048367033861486
S,2020-04-09,0.5518076075619973,0.6376810200458237,-0.138999754644332,1.1634544383565253,0.5559009771173805,1.0096617818339184
S,2020-04-10,0.5468074630388968,0.6270573432883766,-0.21250118018174002,1.11384445190468,0.49111865184449643,0.9442278496847746
S,2020-04-11,0.5401107995977137,0.6226845710758562,-0.22871847841603077,1.1607898917526496,0.5012187987353129,0.9745927116396438
S,2020-04-12,0.5375697126109164,0.6221926804642894,-0.2731670275069593,1.1470246086407463,0.48414726628288207,0.9654552972221511
S,2020-04-13,0.5380841633143758,0.6221897831238304,-0.23876723093004326,1.256810489236479,0.4619762887404273,0.9547451663501126
S,2020-04-14,0.5326877144320437,0.6334542491940562,-0.26449733626189187,1.2510529161199577,0.4833070727150799,0.9964992011839128
S,2020-04-15,0.5331009611870892,0.6268042750327678,-0.39024922786970606,1.1593914493573296,0.3983324086704806,0.9316965055206637
S,2020-04-16,0.5350944875262318,0.6315838104050499,-0.3646313544351334,1.2288983803749929,0.4380652271621177,0.9776761774016413
S,2020-04-17,0.538548400999489,0.6401237283246327,-0.32240229308190704,1.3223085739958713,0.44667700710512126,0.9796638306667369
S,2020-04-18,0.5376479472477649,0.6295468981000961,-0.3568763944916078,1.2731637456221219,0.5043757210925055,1.0571263013131822
S,2020-04-19,0.5400139304366723,0.6330917061777115,-0.2723929420719666,1.4002500982381962,0.44153284315876584,1.0109477276700483
S,2020-04-20,0.541288045908611,0.6193869937672405,-0.3588750187238885,1.3510418161877118,0.4148352071545808,1.0071557893431071
S,2020-04-21,0.5500222132305128,0.6412590603424675,-0.38863239539522376,1.3688352212476649,0.38729852940593035,0.9871564458405739
S,2020-04-22,0.5535443386143724,0.6399174142328987,-0.5215586284448017,1.306082326968728,0.45642877536284643,1.052581990646282
S,2020-04-23,0.5435558880846261,0.6216436155225455,-0.3545512657989345,1.495353206248045,0.41055362321465394,1.0166919528012048
S,2020-04-24,0.5470682221991472,0.6410652396800041,-0.43359636118776135,1.4777564252460036,0.3865000776125662,0.990197950788881
S,2020-04-25,0.5405357145688665,0.6513458628188517,-0.5729334340901795,1.3907897234574553,0.40621215988067394,1.0344752538255755
S,2020-04-26,0.5310311348305958,0.6478537930590351,-0.6453789524973856,1.3728723933926152,0.4061700584492227,1.0710760405402293
S,2020-04-27,0.5291068335735929,0.6436232738664593,-0.5623171589887659,1.4346214533223811,0.3585636963032669,1.034087440894514
S,2020-04-28,0.5300526949150781,0.6397964060179356,-0.5146437447510417,1.5692657978147628,0.4109489795337743,1.0924720673343782
S,2020-04-29,0.5315635755601342,0.6344291521645324,-0.382694954945916,1.7171402068341384,0.42762782989757087,1.1155191051641056
S,2020-04-30,0.5301543269922062,0.6391760909523695,-0.519948935027682,1.5433580792769612,0.3889107450485516,1.09484427911885
S,2020-05-01,0.521200832598138,0.6425210671764101,-0.5955061997501951,1.5513615135325205,0.4238558757702987,1.1582730070496685
St,2020-03-04,1.2844732159330232,1.2352419882662988,0.9307496129967412,1.7628948575481762,1.0358472973854382,1.328734144956719
St,2020-03-05,1.2808342912472381,1.2396193862116642,0.9096940153916208,1.6846168473666463,1.0105200570974577,1.299591409783023
St,2020-03-06,1.274323327778501,1.2316352160356918,0.9191353217087793,1.6723259681193654,0.9934373097100705,1.2755451182284323
St,2020-03-07,1.2620835814776235,1.2184647756297848,0.8988113795883544,1.6129960782210238,1.0391885576395463,1.2999318439461236
St,2020-03-08,1.2515958623595023,1.205723769954068,0.9358524513362181,1.6178751392730357,1.054801624324361,1.2988301971656946
St,2020-03-09,1.2398698530774206,1.200194931907395,0.910400706919033,1.5638429853829445,1.045359123802968,1.2883253168748425
St,2020-03-10,1.229423939473145,1.1736714723686497,0.8999221268873547,1.5725608869646628,1.0300228997092824,1.2646752627523064
St,2020-03-11,1.2076745299480374,1.1607422127089566,0.9253696455612442,1.5844235209502475,0.9899897242013393,1.2110539526944102
St,2020-03-12,1.1899281782595,1.152539292598121,0.8826803658669369,1.5048698852004576,1.020088839796763,1.237452699966184
St,2020-03-13,1.1703991389375012,1.1334490547423681,0.9161210879774457,1.5183653806985637,1.0074056402956488,1.2202705285151163
St,2020-03-14,1.1485665704740573,1.118888876312699,0.8786101187932444,1.4651220983823845,0.9851920120677712,1.1931255186389542
St,2020-03-15,1.1253774524924205,1.10292315357953,0.8857793610499576,1.4167718567463088,0.9993194272680102,1.1910407782007435
St,2020-03-16,1.103141693538555,1.0809545626949508,0.8731991401764871,1.4065703492776989,0.9633678161015025,1.141749074118847
St,2020-03-17,1.079207560661344,1.0632686266389735,0.8239989161132728,1.3448249899715523,0.9755392253312307,1.1479640883853295
St,2020-03-18,1.053409644689983,1.0355761797785297,0.7949685895032395,1.325077133505985,0.9563709884742015,1.13165983921125
St,2020-03-19,1.0248437259435832,1.024299523852224,0.7566172974529048,1.287235090024108,0.948336315858521,1.1228220567601108
St,2020-03-20,1.0012735290203176,1.0077941602390084,0.745860879166764,1.2736342961046483,0.9380914826858731,1.1038505111477428
St,2020-03-21,0.9849080154381187,0.9944099318101498,0.7535789797135006,1.2842565833003796,0.9252945165740507,1.0941782609922173
St,2020-03-22,0.9668726943202393,0.9745626454829162,0.7320341896745937,1.2170293468072162,0.9096027378575096,1.0735104567072251
St,2020-03-23,0.9435642551923313,0.9572284185221782,0.667954616099584,1.1711355858191992,0.887587104592266,1.0525165470415576
St,2020-03-24,0.9191410207764071,0.9370672638718032,0.6310182970658218,1.1629712238179737,0.8786687677393946,1.0417878354853365
St,2020-03-25,0.8937863028634435,0.9170633531260803,0.6110876687977729,1.1340773640763535,0.8366449717137789,1.0093303985396527
St,2020-03-26,0.8804076320457552,0.9069477620866181,0.6001902210065221,1.1190519014957188,0.8558089699255211,1.0303875458337075
St,2020-03-27,0.8633964926746818,0.8918526702330629,0.5692065415806965,1.1084666504403686,0.8336062416652095,1.0239745973665126
St,2020-03-28,0.8464276453542957,0.8767077442294045,0.542776441622818,1.1133022995729442,0.8111169236620909,0.9995731460281344
St,2020-03-29,0.8325656280075399,0.8639296134835074,0.5584705719953882,1.1303440714795827,0.8158560367366846,1.0162407424752826
St,2020-03-30,0.8207436046774886,0.8551540991075356,0.48196458817074894,1.0985410357977636,0.787123928731146,0.9933525116622007
St,2020-03-31,0.8088770213252982,0.8376776007275479,0.4722010186647345,1.1032801045973009,0.7601005939748535,0.9683574189743636
St,2020-04-01,0.8012426320770122,0.8337056879739178,0.4375595843958865,1.0663834878733862,0.7519536403758005,0.970778923602348
St,2020-04-02,0.7920673186383222,0.8275444661610446,0.46783437091079405,1.1309975933856329,0.7636416901254586,0.9955750842950979
St,2020-04-03,0.7782365349459619,0.8233693253487822,0.42440229103134797,1.0926420369622898,0.7546450484578963,0.990844982370287
St,2020-04-04,0.7727853563002376,0.8124845159047108,0.415950315944841,1.0939075239748695,0.7428308006603218,0.9862995022335942
St,2020-04-05,0.7708660509182511,0.813891587907921,0.4088106913397541,1.1064701702386393,0.7471916004469336,0.9886439770442794
St,2020-04-06,0.7694862536651074,0.8197792075603262,0.3945412031440253,1.1151799679623116,0.7350724054124989,0.981155947965396
St,2020-04-07,0.7644701366604388,0.8067029156605823,0.3939094731766638,1.1358338758578668,0.7296773825795722,0.982499599325467
St,2020-04-08,0.7579532031271713,0.8092481977948568,0.3157583374898516,1.092071306828979,0.7305236499375954,0.9802360190015735
St,2020-04-09,0.7561198652142016,0.8085928127175579,0.34604714559087113,1.1323827444753787,0.7326290720707681,0.985124613535594
St,2020-04-10,0.754161470122397,0.8131060373802343,0.3513132270888182,1.1662597863355884,0.750701354505575,0.999252902309688
St,2020-04-11,0.7509925504060923,0.808697187028486,0.30988859500078214,1.1410424641165449,0.7290440703632466,1.0045308869579166
St,2020-04-12,0.7519441984037267,0.8165292957251926,0.29730729830652114,1.169674311530606,0.7304529478306048,1.0005927135824644
St,2020-04-13,0.756828261305821,0.8150929263950508,0.31541338733834245,1.1690534033810607,0.7186584627837963,0.9926067941060365
St,2020-04-14,0.7549721978751089,0.8115441556726464,0.3355468017945705,1.2199743876330897,0.7068771972097997,0.9872852925352393
St,2020-04-15,0.7654782967226791,0.8185567197190986,0.2751796138948217,1.1467737029543204,0.7358860732759235,1.0094554101169428
St,2020-04-16,0.7681385772089059,0.8251125914315558,0.28487897136580886,1.1648923686575858,0.7163251472110932,0.9957452362323646
St,2020-04-17,0.7698866780069613,0.8252945889759243,0.3275026718999694,1.2395711397884686,0.7298602431738745,1.0303979562432406
St,2020-04-18,0.777060780363328,0.8210420620297523,0.25877668448357494,1.190040043801407,0.7140151047137446,1.0178806449944444
St,2020-04-19,0.7791136499491175,0.8244546637628589,0.3615028142443627,1.2898384114268837,0.7110561414521628,1.0161078237759005
St,2020-04-20,0.77805873654231,0.8249026522520673,0.2791703102989457,1.2479588341092174,0.7338090442219549,1.0592679701651415
St,2020-04-21,0.7795071422120141,0.8249846815997844,0.3157916681201677,1.2687189123608895,0.6799809260548013,1.008641409307854
St,2020-04-22,0.7783738739857988,0.8184283440080545,0.3058355556758461,1.3147396704026557,0.7080306146398733,1.043916253393741
St,2020-04-23,0.7758148987067531,0.8167063257610723,0.20987398240642163,1.2438734962281977,0.6879241231814668,1.0363249481633483
St,2020-04-24,0.7730802697471296,0.8234032675311469,0.22699201868557817,1.2752626156724103,0.7199884699313476,1.0785127679468338
St,2020-04-25,0.7680396156921044,0.8269240580172454,0.2406378450436515,1.3564905221895402,0.7092007977011561,1.077882654329863
St,2020-04-26,0.7659885124870531,0.8272601763390638,0.14042276186797475,1.2804061866023495,0.6764959399126687,1.0437820728370244
St,2020-04-27,0.7630033592390507,0.8286028546427449,0.1452979824286963,1.324617782761303,0.6557314745260414,1.043259402168484
St,2020-04-28,0.7598416674671034,0.8244426032663339,0.10307923864519497,1.332758305430962,0.7050944219855029,1.095847122929174
St,2020-04-29,0.7675624056353585,0.823646833292272,0.09558577590694373,1.3142282419399092,0.6685416904486108,1.0490933401352156
St,2020-04-30,0.7682171318384114,0.825990393395963,0.14115037844428158,1.3707632157753187,0.6858511330839827,1.0719973400071106
St,2020-05-01,0.765007693734956,0.8262501113861827,0.08057071775237912,1.335625675737865,0.6947743584511983,1.0775979131354418
T,2020-03-04,1.4324652403834648,1.3883355936171347,1.0127009662212563,1.814624538755615,1.1728729224402323,1.48278475098253
T,2020-03-05,1.4232060162147224,1.3777854912062066,1.0429354501447905,1.7910596698231127,1.1895413028456754,1.498487483939854
T,2020-03-06,1.4138222531775648,1.3743421392316564,1.050793862380678,1.7515345173952397,1.1728321201967442,1.4618395041289483
T,2020-03-07,1.402342494728331,1.3682761833692543,1.04839538204229,1.7387736214421938,1.1682276774137668,1.4526688588323768
T,2020-03-08,1.3843734158397887,1.3446328404414347,1.0274733655882695,1.7077736810552526,1.175919978800301,1.426294183792589
T,2020-03-09,1.3673345560858732,1.3356729004609056,1.0419001101191836,1.7027900858055178,1.1925790218147496,1.4487169990905295
T,2020-03-10,1.3518601721383812,1.3199454222272435,1.0201277089958798,1.6384738298025316,1.1382093040116683,1.390195207153461
T,2020-03-11,1.3294605290755008,1.2996319825647118,1.0298586081889607,1.6222018540133618,1.1401443519735857,1.3918169180801778
T,2020-03-12,1.3116250083255765,1.2791681863819104,1.0238321046852743,1.58696046065069,1.107227195644433,1.328176996170814
T,2020-03-13,1.291365531902313,1.2617145163668355,1.0350074204047104,1.5463523152816767,1.1156021307653827,1.3234379167381856
T,2020-03-14,1.2698932394284972,1.239094260797204,0.9914811087006662,1.5182647314667652,1.1100317094479992,1.310232349427963
T,2020-03-15,1.2317919510657833,1.2039254671349289,0.9888675862083145,1.4844833321363706,1.0614386549555648,1.2434720972081692
T,2020-03-16,1.1911813573012584,1.1715080407360536,0.9777585514512253,1.4330114501307647,1.056475466939908,1.2319126891413785
T,2020-03-17,1.1493457106070217,1.1288163447826864,0.9276869413449513,1.3711614231498452,1.0317669398834783,1.1951193750466738
T,2020-03-18,1.1100867227932267,1.0902487484360819,0.8554117718375933,1.3092943884808708,0.9973453247830293,1.1552069865617332
T,2020-03-19,1.0578357175820476,1.048414109014237,0.850153864831164,1.2764670917605603,0.9560284118656878,1.1119003910677907
T,2020-03-20,1.001254462246216,1.0065004739352688,0.7751953400681428,1.2086438664882866,0.9324270491762497,1.071405294368542
T,2020-03-21,0.9504776697755856,0.9561585511096997,0.7396620483371712,1.1793660299102153,0.8907033182193471,1.0331050776317983
T,2020-03-22,0.8918612408805303,0.9072999236156158,0.6821363756730984,1.131055714248356,0.8334567906020159,0.9864312325458812
T,2020-03-23,0.8359834008770918,0.8610249876037332,0.6037435143530488,1.0634886552445795,0.7991879569961895,0.9623579533558784
T,2020-03-24,0.7931393529942536,0.8194426459556592,0.5586657793810326,1.0599536429134184,0.7666103168121448,0.9455936103938697
T,2020-03-25,0.765307531485102,0.7943878410186853,0.5036527756164182,1.0234855334772577,0.7544258152481537,0.9491329815349366
T,2020-03-26,0.7484082199140681,0.7728655095784953,0.4877228648373849,1.0079286933835097,0.6952613013493902,0.891900531076519
T,2020-03-27,0.73648045791879,0.7623796106062144,0.44317878508973374,0.9877575429744978,0.6973286193576311,0.8988600707548025
T,2020-03-28,0.7223096523968915,0.7542710256980162,0.4550216080941625,1.0119986026230923,0.7024249005205061,0.9205624807454581
T,2020-03-29,0.7063811091939163,0.7425716505006783,0.3917413568735817,0.9816279484074618,0.6646847778132992,0.8917684824191415
T,2020-03-30,0.6945906408807995,0.7284256713035266,0.3808128093736247,0.9828119343645568,0.6690497219446172,0.8859914031280596
T,2020-03-31,0.6858766064313206,0.7165873212077969,0.3887964498340454,0.9753239394751899,0.6712425671592023,0.8922426397584846
T,2020-04-01,0.6824694358380904,0.7164873761262386,0.37497117999361307,0.9691091269022208,0.6664035043274343,0.8928019223618947
T,2020-04-02,0.6740733747199456,0.7104947370519957,0.3786372737330941,0.9797031686440526,0.6325566291328149,0.8626984906335866
T,2020-04-03,0.6623932320034513,0.6901107091812699,0.34414475566200353,0.9873932649417563,0.6242320536059243,0.8659398824838611
T,2020-04-04,0.6470130620810056,0.680139409117178,0.29686547359250126,0.9530974560320785,0.6154472137813523,0.8710640817465873
T,2020-04-05,0.6395188129106334,0.6749069774419234,0.3067928883123874,0.9863662801988423,0.6242854711962633,0.8794603235185414
T,2020-04-06,0.621785149917114,0.6687777762345728,0.252916137181336,0.9890836352702308,0.5672484215730589,0.8350551891782421
T,2020-04-07,0.6034932989918108,0.6474159952732166,0.20845361653701566,0.9770730775548556,0.5311835645299645,0.8129344841176492
T,2020-04-08,0.5786219261216338,0.6196861140059879,0.13475729882867848,0.9209343021285584,0.5341255430228038,0.8226049367108316
T,2020-04-09,0.559123155022917,0.600055175991225,0.12576479130596419,0.9657687079719718,0.4805347192792163,0.7859425304975741
T,2020-04-10,0.5424933585947248,0.5887827883140432,0.0884585266492034,0.9304558411104425,0.4842935644933898,0.8072022469543719
T,2020-04-11,0.5366927376424814,0.5856714123217481,0.1161903660292003,0.990475623028932,0.47847257981922464,0.8002140059766434
T,2020-04-12,0.5371516986078069,0.5918908293340162,0.06113624159901476,0.9507425439560034,0.4354280513292639,0.7758601489390644
T,2020-04-13,0.5446489103274545,0.595115550177924,0.1156687775223385,1.0154135201806127,0.49648010995546765,0.8425774909259249
T,2020-04-14,0.5572314131652667,0.5978311162473573,0.08767991782793216,0.9815092565677029,0.47736491519082325,0.8372884619692778
T,2020-04-15,0.5664963917606239,0.601074024443614,0.08403379343545547,1.0077827760680402,0.5101184463880419,0.8590474684971294
T,2020-04-16,0.5686494525511798,0.6136372633548459,0.03544741888192382,1.0018059791432676,0.4937806644244117,0.859454518483024
T,2020-04-17,0.5762440606614799,0.6283668306734379,0.03972854780112478,1.0441854382611515,0.4614607417193034,0.8271788965314368
T,2020-04-18,0.5852448314826046,0.6282382328288596,0.03559110402770049,1.0818286325068909,0.4957841986848234,0.8669689382882262
T,2020-04-19,0.5834751580219077,0.6326247181946298,-0.032569650284338225,1.0445092811417123,0.49386751095250625,0.8833915392433107
T,2020-04-20,0.5886304299807649,0.634562979039697,0.04067059831544795,1.186368756697723,0.47455255171742283,0.8900244496473759
T,2020-04-21,0.5952465760800059,0.6352464699485385,0.019910561173862917,1.208994206400874,0.5028349052699376,0.9291123634541968
T,2020-04-22,0.5965476810834139,0.6318755133054921,-0.02281626457819419,1.2394635966227197,0.45975834510079616,0.9035375266479184
T,2020-04-23,0.5972797762403538,0.6418652881203566,-0.03869275371917458,1.2408587804862297,0.3993802652420937,0.8459648240858227
T,2020-04-24,0.5953731054317002,0.6409540948649278,-0.13683209765415905,1.1533384230017492,0.40972204390677125,0.8609236920246619
T,2020-04-25,0.5894678208193228,0.6297374529800553,-0.1399983851239892,1.1790783378395626,0.44738280441575384,0.911612106445204
T,2020-04-26,0.5874964457532297,0.6366358928798983,-0.09954822395919938,1.2712652915289888,0.42221065209692676,0.9067902283319889
T,2020-04-27,0.583157667258239,0.6198523875893551,-0.14877795606572142,1.2173193180802182,0.4633276299989617,0.9556969311364709
T,2020-04-28,0.578230017386569,0.6133842161078961,-0.1757260802352556,1.2787895722504956,0.4256913810802062,0.9211137312093839
T,2020-04-29,0.5803754616226481,0.6254372892566955,-0.1379414633103937,1.3085349788488363,0.40983438139496375,0.9250189347629496
T,2020-04-30,0.5813521559279582,0.6202133908916304,-0.21986327408813877,1.2485805318481507,0.42018265068446037,0.9341894366827761
T,2020-05-01,0.5830353209845127,0.63021694140137,-0.24137078379670562,1.271250191899746,0.41807087907397134,0.9735940661830591
V,2020-03-04,1.3155979684657868,1.265751105066764,0.8755642682430993,1.8224286575596587,1.0009393394019845,1.3308165039627564
V,2020-03-05,1.3101813692118192,1.2543668203393654,0.8629843410077283,1.7814071517872356,0.9943500739051737,1.332494574382161
V,2020-03-06,1.3025756650676934,1.2455014200615449,0.8895609405461959,1.814758752077051,0.9936307784049028,1.3280226080539546
V,2020-03-07,1.2971775323396932,1.2429314807859289,0.8447868806407972,1.7925316734436847,1.01004844121729,1.3315315510956958
V,2020-03-08,1.2820712498088993,1.232078285039408,0.7892566046605295,1.6767551645169525,1.0014112840518914,1.3155206084942828
V,2020-03-09,1.261593110692124,1.207557162931338,0.8178067239554052,1.6766783321090912,0.9792395839406076,1.2914007618654118
V,2020-03-10,1.2453276742013955,1.2028452922881585,0.8183479346064397,1.6570860274970278,1.0400018732417606,1.3415060956959541
V,2020-03-11,1.2210275530957035,1.1902664255335984,0.8001179851879779,1.6033771587393573,1.0171001351244708,1.2991484859523341
V,2020-03-12,1.2026291989627342,1.1729196694779016,0.7786951786144745,1.5524631477098008,1.0124212381096913,1.2887329730645485
V,2020-03-13,1.1733105825221437,1.1459438401676671,0.7829930343779483,1.4797093224188487,0.988201697675973,1.2535858747132724
V,2020-03-14,1.14445875600405,1.1250252745656502,0.789104174969283,1.4768255473941594,0.9934116109953037,1.2414550885589002
V,2020-03-15,1.1123769397872505,1.0877728336000616,0.7812215902715552,1.466672395053624,0.9454940846877332,1.1731276177287226
V,2020-03-16,1.073056227689668,1.0612497918347341,0.7148710395703073,1.3627757596678065,0.9347898615408216,1.161902490578092
V,2020-03-17,1.0408545272290814,1.0320040904991625,0.7116459353924341,1.3825342354086405,0.908942696865247,1.1235227595380421
V,2020-03-18,1.0071373794585727,1.004126860481892,0.6642891432208942,1.3012589207402459,0.8816316453017197,1.104737032948959
V,2020-03-19,0.9721488560780045,0.9774896736284169,0.6566568069221013,1.2820375396918429,0.8868052664659717,1.1051880980624034
V,2020-03-20,0.936003506144233,0.9536512505452893,0.6056749834363138,1.248223528489736,0.8448964072631404,1.0654695022040221
V,2020-03-21,0.9126002360675691,0.9379759947252604,0.571554055647496,1.2084527350647598,0.8310216094419034,1.0560566066285224
V,2020-03-22,0.8822027177046343,0.9127707702209877,0.5146931976309759,1.1784073663684624,0.8124632846444572,1.0392986993029558
V,2020-03-23,0.8459472140577499,0.878458587034141,0.5084116363234097,1.218813824656931,0.7752712493619455,1.0301820313512988
V,2020-03-24,0.8256511065755292,0.8624577076588535,0.43367871289080095,1.1723389131795623,0.775074207559838,1.0371473978202137
V,2020-03-25,0.8071723498257505,0.8384744795891081,0.41028920608924135,1.1309981464791985,0.7568603390134099,1.0246348683792061
V,2020-03-26,0.7874882710918693,0.8276298168655696,0.38192113841353215,1.1563482398644749,0.7563466210139626,1.0244400233526352
V,2020-03-27,0.7707068503955107,0.8121175538014758,0.31938249963201837,1.1310688744563553,0.7029095257966963,0.9917671936986627
V,2020-03-28,0.7534896335507195,0.8045604602861451,0.3168711063207611,1.1801130657113101,0.6994345128726608,0.9855583099102585
V,2020-03-29,0.7403028746572684,0.7783933597073144,0.34524954350050163,1.1933261362287102,0.6925683961700353,0.9991878007238333
V,2020-03-30,0.7272857656366973,0.7692235449681935,0.2444909423959135,1.1428042357072266,0.6744223596808587,0.9816401899621412
V,2020-03-31,0.7207533086426979,0.7699672021402597,0.24025274200879188,1.1229869954030653,0.6616439571704549,0.9791445892203013
V,2020-04-01,0.7093900712613589,0.7575276253543699,0.20046810338624155,1.137836179171654,0.6163292013320267,0.9491904252869331
V,2020-04-02,0.7069030018275906,0.7529910895099369,0.19540335054502245,1.1440787124613825,0.632794064304625,0.970091120475171
V,2020-04-03,0.6926381595660475,0.7463474928281056,0.13614118139623477,1.1338291533331564,0.6699465845220925,1.0148694818553399
V,2020-04-04,0.6873170471761463,0.750778265664209,0.11432383570982185,1.160632415366116,0.6399454022302422,1.0015132002034057
V,2020-04-05,0.6838951690922249,0.7506872846564381,0.14864311032686328,1.1990427444612608,0.667994656086384,1.0320121657015084
V,2020-04-06,0.6795401487816652,0.745675993561655,0.08240434537667607,1.1844752147811124,0.6685992582076691,1.0494502475920897
V,2020-04-07,0.67524891514025,0.7379993145788094,0.0782647641123555,1.207423261108379,0.5880963227363069,0.9738723459561763
V,2020-04-08,0.674491438279095,0.7344045585273323,0.01290281075229871,1.1661090114295436,0.6390627531383851,1.0411903088186523
V,2020-04-09,0.6699617100678582,0.7382036564837885,0.038259406547639596,1.1714044002031307,0.6193721067298441,1.0181490159690965
V,2020-04-10,0.6637865015386978,0.7288213611876606,0.0854230670741416,1.2904672368729728,0.5847017373107984,1.0120086603882665
V,2020-04-11,0.6610088565687426,0.7215661609762716,0.001621303554369402,1.2369670634506,0.5852797578158255,1.0339490350620957
V,2020-04-12,0.6529812578301764,0.7285876821839397,0.015672752438875448,1.3107757569447867,0.5988134991236445,1.0456512158099813
V,2020-04-13,0.6522476879969294,0.7177596107945883,-0.029138753531069206,1.287951353396421,0.5981612156434877,1.0559686803506676
V,2020-04-14,0.6550113851499395,0.7245847556037232,-0.05210859648120025,1.3549410404856512,0.5820327806336657,1.0485787663365809
V,2020-04-15,0.6563583999040488,0.7333519544852287,-0.0586905833067044,1.345916316429441,0.5825034925632613,1.053037079595433
V,2020-04-16,0.6511343003169839,0.7303663553097284,-0.10519206900769973,1.3255921984556904,0.6033716922388861,1.0666833763074233
V,2020-04-17,0.6444776353515699,0.7285068165076102,-0.12596997460133008,1.3595648435202448,0.5549117458914357,1.0580768778587872
V,2020-04-18,0.638757523084009,0.7334328716214409,-0.2870058054512301,1.2586014469828455,0.5900588387629027,1.0964393629813591
V,2020-04-19,0.6383042306716552,0.7323726547119781,-0.2972254645666943,1.2358054129057947,0.5883080964837769,1.086007892693432
V,2020-04-20,0.6268991680114216,0.7285069700312388,-0.162436714793055,1.3697028244164071,0.5992331314979817,1.1173432003420374
V,2020-04-21,0.6200296879709719,0.7310642789661168,-0.3148347235939246,1.3470143927843519,0.5653559395478542,1.0669565539427275
V,2020-04-22,0.614344568062166,0.7275584252368716,-0.27950983283651465,1.362930416731879,0.5650014708748774,1.0672810859339164
V,2020-04-23,0.6169771277627151,0.7270595529485191,-0.21845570983033658,1.4421622839695847,0.5797593529456548,1.0929717864942086
V,2020-04-24,0.6172634851796287,0.7139561277043123,-0.289995023754662,1.4347705507842428,0.5698340217150928,1.0909245698406858
V,2020-04-25,0.6142247595410607,0.7419910739429034,-0.434927811731187,1.3743344942594655,0.543932805906417,1.0790423040128296
V,2020-04-26,0.6145309162688091,0.7347371290439115,-0.5218949839523779,1.349373909300641,0.5535406295956837,1.0894141470281808
V,2020-04-27,0.6235717912746468,0.740584258187182,-0.49679257785880004,1.4345930737482304,0.5334604542131511,1.0674238155417555
V,2020-04-28,0.6268240692373399,0.7410044868059926,-0.4969848232019325,1.449911592052548,0.5438287669989204,1.0943811474534368
V,2020-04-29,0.6259760134131368,0.7440234838388076,-0.44752346154635014,1.5325548316235287,0.5568477917881174,1.0974669727185578
V,2020-04-30,0.6289402480306315,0.7458870632943664,-0.47375433315360893,1.5295805136083773,0.5316782878169293,1.107768893009614
V,2020-05-01,0.6264127164403295,0.7422857065974543,-0.4195162632588547,1.6092412156100684,0.5394660389594403,1.1356353761590348
W,2020-03-04,1.3413961496547468,1.295412497066991,0.9245986313796759,1.7241034517144853,1.0723088007000974,1.362894554333078
W,2020-03-05,1.3389812483021613,1.2887930209804315,0.9218973092478121,1.7248101930875637,1.1340407696874715,1.4177601460248517
W,2020-03-06,1.3347971613070395,1.2861237988483145,0.942819630688748,1.7040421405126045,1.074550388510512,1.3556465429045734
W,2020-03-07,1.3293985926881073,1.2819149813043862,0.9850472398981931,1.7183146893448407,1.0835284992448506,1.3591589696220363
W,2020-03-08,1.3255843332972288,1.2799619445646058,0.9785634073372327,1.7141927925305802,1.0914353560232464,1.3515709096638688
W,2020-03-09,1.3191993955274952,1.2772051737590455,0.9847867076390168,1.688699548600272,1.1007683565966024,1.3557839337172282
W,2020-03-10,1.307812915016516,1.2704637652900819,0.9872226918163662,1.652605975669518,1.0764866131076412,1.325397986978147
W,2020-03-11,1.2965098786684315,1.2563350376520264,0.9859873200784938,1.648561843492205,1.0829431099131206,1.321669225022225
W,2020-03-12,1.277663978026567,1.2358842987294412,0.9815917030464575,1.6226221647792485,1.0658772334613928,1.287961987662887
W,2020-03-13,1.2607272423037168,1.225771414697613,0.9321815946614139,1.546830627059331,1.0867259949602852,1.3004890889128782
W,2020-03-14,1.2439687442820557,1.206565367777257,0.9554090006098231,1.5434080064137352,1.0580980697071258,1.2659838887794768
W,2020-03-15,1.2247401379282858,1.184902331643065,0.9223833236394682,1.5202424681432127,1.0597276382874743,1.261535484088545
W,2020-03-16,1.1968779108990604,1.1705912235979912,0.9305590075593251,1.4894799647510328,1.0581339036363964,1.2504658659981585
W,2020-03-17,1.1714897720978972,1.1435351085873675,0.9094228514919026,1.4304431983236854,1.00910994713794,1.188712756212507
W,2020-03-18,1.135921456305095,1.118487274618309,0.9237896893472912,1.414035413211892,1.0181621211493868,1.1790462341958061
W,2020-03-19,1.102240051361334,1.086529295273278,0.8472065067999365,1.3377372928918088,0.995071602382989,1.160427073226231
W,2020-03-20,1.0684810192903311,1.06035559286157,0.8298266769982672,1.288118191369663,0.9599376025019318,1.1116123924814458
W,2020-03-21,1.0378924104425862,1.03577866751806,0.8267518400656586,1.2807967226001027,0.9494161843754486,1.1071458282186695
W,2020-03-22,1.0024031300760246,1.007248170652998,0.767080192453846,1.2105559642476358,0.9443283517766685,1.1002895988674257
W,2020-03-23,0.9649115525224489,0.9760767482630998,0.7265007553022261,1.1931544808024355,0.9292468100683113,1.090738291622347
W,2020-03-24,0.9329093988736042,0.9496421503312579,0.6903667325764034,1.1866865088177447,0.8597468160621513,1.0264228784387215
W,2020-03-25,0.9027386946094828,0.9233928305875259,0.6612234017068768,1.1833953627353044,0.8489764064151382,1.0262312949065522
W,2020-03-26,0.8755727701143108,0.903142026839969,0.6148330765566015,1.1674454415061,0.8438078156114474,1.0315072475084561
W,2020-03-27,0.8623571892030483,0.8897598642486989,0.5694395623997003,1.1445859183143243,0.8147163617683497,1.0135278881716085
W,2020-03-28,0.8514239724180569,0.8818985033163189,0.5301066039246587,1.1224605600981794,0.8113092647358309,1.0084203750890017
W,2020-03-29,0.8382272561633397,0.8693462052544709,0.5039445176442643,1.1142792101462318,0.8092977361954492,1.007104717813692
W,2020-03-30,0.8319792776756371,0.8647066584638189,0.5097273067258549,1.135274008613069,0.7851686989088773,0.985878518648318
W,2020-03-31,0.8219470811232885,0.8515245543194404,0.5168412373270679,1.1054558345812882,0.7798630119333461,0.9925112197229373
W,2020-04-01,0.8227815273611196,0.8523493810821126,0.5240519175297629,1.1414211318377352,0.7604821744614759,0.9711251883421249
W,2020-04-02,0.8267495570472816,0.8626009446968417,0.5050699129231705,1.1189558138835534,0.7739534147862508,0.9772138588676926
W,2020-04-03,0.8352328596030967,0.8685850676068354,0.5216225722915344,1.1362148133572316,0.7906847339142095,0.9975637176879956
W,2020-04-04,0.846768405509104,0.8812783776773174,0.5419714408312979,1.1586064319973204,0.7868979572371722,0.9893814749934309
W,2020-04-05,0.8536621475251538,0.8841793159300608,0.5167321649282834,1.115637057531119,0.8000129053187586,1.000770663444766
W,2020-04-06,0.8541672415789219,0.8868126049382103,0.5376186583080242,1.1743306683901968,0.7976658249969705,1.0052746115582576
W,2020-04-07,0.8507814272247839,0.8773370916482556,0.527274779647093,1.1513563435426928,0.8082992490306153,1.0222322446740129
W,2020-04-08,0.8547063159883223,0.8822622142063581,0.5285821640731665,1.1622402714867208,0.7861516707568552,1.0040885977197467
W,2020-04-09,0.8595460918118232,0.883756387141142,0.4967101367524491,1.1463644277853373,0.8025510412934778,1.0104125193421578
W,2020-04-10,0.8705776768663068,0.895843378579325,0.5014172877313448,1.1513314183109926,0.8164262113415188,1.0174800708614895
W,2020-04-11,0.8824305583101646,0.9072538208699901,0.5586288919079468,1.1809585708720047,0.8208128447627243,1.022109864148314
W,2020-04-12,0.8895465932637777,0.9158412113913026,0.5440692593940831,1.1867685837732802,0.8464636675786111,1.050003859337742
W,2020-04-13,0.8941549779425063,0.9181104564477898,0.5186050767316555,1.158903453433673,0.8302391003607863,1.043415996909491
W,2020-04-14,0.9022090841051383,0.9223778901383128,0.5326726274522331,1.2165624505945507,0.8379997169974447,1.0445516589663628
W,2020-04-15,0.9094934028881586,0.9334493708502433,0.5384779541893372,1.2032389562465078,0.8378724093961991,1.0464521347012088
W,2020-04-16,0.9170702467127019,0.9404090590523295,0.5563928333702826,1.2509825217645192,0.8191926287677639,1.0433247126334304
W,2020-04-17,0.9265459062487051,0.9372024493350861,0.518496439860112,1.237661834276193,0.8256233918364682,1.0610040959519238
W,2020-04-18,0.9338028926356238,0.9455513840304426,0.5308480952830185,1.283324311787461,0.8234928082740848,1.0563217658420228
W,2020-04-19,0.93869765687967,0.9571515166988032,0.5561151423707529,1.28526189200324,0.8462718651169303,1.0782305886017927
W,2020-04-20,0.9452225151133176,0.9523443885293608,0.5336586655328747,1.299198705614467,0.8460689818437582,1.0758232509188257
W,2020-04-21,0.9461574641571662,0.9551922753789651,0.5301252235528209,1.303817673769399,0.8160303339993474,1.0580158197549474
W,2020-04-22,0.9453475114432651,0.9593459470523957,0.5522791606007171,1.3224968303568732,0.828387369764298,1.0683077939061283
W,2020-04-23,0.9475319378381541,0.9575994080190798,0.5510607400409983,1.3439150743073978,0.8407252113443267,1.0950748841651785
W,2020-04-24,0.94661499163834,0.9584372368610784,0.5029956222931254,1.317011024056387,0.8215858218867876,1.0773681733895666
W,2020-04-25,0.9478381131075091,0.9599515506218675,0.5065274561911415,1.3520384965648504,0.8350460840859002,1.0993783752001556
W,2020-04-26,0.942262116558243,0.9575092110485122,0.4370789589298667,1.336422092735193,0.8187293387318366,1.0929999706432187
W,2020-04-27,0.9449552302867109,0.9534829528472777,0.537455276080324,1.4448248546697648,0.8128752176070719,1.0962098275114032
W,2020-04-28,0.9440860456217915,0.9558256276141297,0.442124183495183,1.3707375521644203,0.8275510972275819,1.1288780245366963
W,2020-04-29,0.9494409176563084,0.9551361030227052,0.37399072885889906,1.3559060978659787,0.8068270172237855,1.0987309739047542
W,2020-04-30,0.9466717553892964,0.964566615161883,0.39248333262426405,1.4105525998064343,0.8241901616351749,1.1259951127012657
W,2020-05-01,0.9467379601824317,0.9556804872455877,0.44248922316186623,1.4627220750648533,0.778206155020068,1.0864583223822963
